,Model,Accuracy mean %,Precision mean %,Recall mean %,F1 Score mean %
0,KNN,68.02966258806083,70.01175213675214,73.38235294117646,71.35846492988416
1,Naive Bayes,81.84130515387467,82.67451717529116,84.88970588235294,83.5887127578304
2,Decision Tree,81.53096032628847,80.1732320826748,90.33088235294117,84.49059212579137
3,Logistic Regression,83.85354097144976,82.3916252306345,90.95588235294117,86.1839703078093
4,Vote,85.8112717834631,84.75200534759357,91.54411764705883,87.70150770769965
5,Support Vector Machine (SVM),83.50945494994437,82.02496102109104,90.29411764705883,85.74421732988095
6,Neural Network,82.1523915461624,82.93182684973303,87.27941176470588,84.33473487885252
